<?xml version="1.0" encoding="UTF-8"?>
<GenRun Id="impl_1" LaunchPart="xc7a200tsbg484-1" LaunchTime="1755295325">
  <File Type="PA-TCL" Name="lab2.tcl"/>
  <File Type="REPORTS-TCL" Name="lab2_reports.tcl"/>
  <File Type="INIT-TIMING" Name="lab2_timing_summary_init.rpt"/>
  <File Type="OPT-DCP" Name="lab2_opt.dcp"/>
  <File Type="OPT-DRC" Name="lab2_drc_opted.rpt"/>
  <File Type="OPT-METHODOLOGY-DRC" Name="lab2_methodology_drc_opted.rpt"/>
  <File Type="OPT-HWDEF" Name="lab2.hwdef"/>
  <File Type="OPT-TIMING" Name="lab2_timing_summary_opted.rpt"/>
  <File Type="OPT-RQA-PB" Name="lab2_rqa_opted.pb"/>
  <File Type="PWROPT-DCP" Name="lab2_pwropt.dcp"/>
  <File Type="PWROPT-DRC" Name="lab2_drc_pwropted.rpt"/>
  <File Type="PWROPT-TIMING" Name="lab2_timing_summary_pwropted.rpt"/>
  <File Type="PLACE-DCP" Name="lab2_placed.dcp"/>
  <File Type="PLACE-IO" Name="lab2_io_placed.rpt"/>
  <File Type="PLACE-CLK" Name="lab2_clock_utilization_placed.rpt"/>
  <File Type="PLACE-UTIL" Name="lab2_utilization_placed.rpt"/>
  <File Type="PLACE-UTIL-PB" Name="lab2_utilization_placed.pb"/>
  <File Type="PLACE-CTRL" Name="lab2_control_sets_placed.rpt"/>
  <File Type="PLACE-SIMILARITY" Name="lab2_incremental_reuse_placed.rpt"/>
  <File Type="PLACE-PRE-SIMILARITY" Name="lab2_incremental_reuse_pre_placed.rpt"/>
  <File Type="PLACE-TIMING" Name="lab2_timing_summary_placed.rpt"/>
  <File Type="PLACE-RQA-PB" Name="lab2_rqa_placed.pb"/>
  <File Type="POSTPLACE-PWROPT-DCP" Name="lab2_postplace_pwropt.dcp"/>
  <File Type="POSTPLACE-PWROPT-TIMING" Name="lab2_timing_summary_postplace_pwropted.rpt"/>
  <File Type="PHYSOPT-DCP" Name="lab2_physopt.dcp"/>
  <File Type="PHYSOPT-DRC" Name="lab2_drc_physopted.rpt"/>
  <File Type="PHYSOPT-TIMING" Name="lab2_timing_summary_physopted.rpt"/>
  <File Type="ROUTE-ERROR-DCP" Name="lab2_routed_error.dcp"/>
  <File Type="ROUTE-DCP" Name="lab2_routed.dcp"/>
  <File Type="ROUTE-BLACKBOX-DCP" Name="lab2_routed_bb.dcp"/>
  <File Type="ROUTE-DRC" Name="lab2_drc_routed.rpt"/>
  <File Type="ROUTE-DRC-PB" Name="lab2_drc_routed.pb"/>
  <File Type="ROUTE-DRC-RPX" Name="lab2_drc_routed.rpx"/>
  <File Type="ROUTE-METHODOLOGY-DRC" Name="lab2_methodology_drc_routed.rpt"/>
  <File Type="ROUTE-METHODOLOGY-DRC-RPX" Name="lab2_methodology_drc_routed.rpx"/>
  <File Type="ROUTE-METHODOLOGY-DRC-PB" Name="lab2_methodology_drc_routed.pb"/>
  <File Type="ROUTE-PWR" Name="lab2_power_routed.rpt"/>
  <File Type="ROUTE-PWR-SUM" Name="lab2_power_summary_routed.pb"/>
  <File Type="ROUTE-PWR-RPX" Name="lab2_power_routed.rpx"/>
  <File Type="ROUTE-STATUS" Name="lab2_route_status.rpt"/>
  <File Type="ROUTE-STATUS-PB" Name="lab2_route_status.pb"/>
  <File Type="ROUTE-TIMINGSUMMARY" Name="lab2_timing_summary_routed.rpt"/>
  <File Type="ROUTE-TIMING-PB" Name="lab2_timing_summary_routed.pb"/>
  <File Type="ROUTE-TIMING-RPX" Name="lab2_timing_summary_routed.rpx"/>
  <File Type="ROUTE-SIMILARITY" Name="lab2_incremental_reuse_routed.rpt"/>
  <File Type="ROUTE-CLK" Name="lab2_clock_utilization_routed.rpt"/>
  <File Type="ROUTE-BUS-SKEW" Name="lab2_bus_skew_routed.rpt"/>
  <File Type="ROUTE-BUS-SKEW-PB" Name="lab2_bus_skew_routed.pb"/>
  <File Type="ROUTE-BUS-SKEW-RPX" Name="lab2_bus_skew_routed.rpx"/>
  <File Type="ROUTE-RQS-PB" Name="lab2_rqs_routed.pb"/>
  <File Type="POSTROUTE-PHYSOPT-DCP" Name="lab2_postroute_physopt.dcp"/>
  <File Type="POSTROUTE-PHYSOPT-BLACKBOX-DCP" Name="lab2_postroute_physopt_bb.dcp"/>
  <File Type="POSTROUTE-PHYSOPT-TIMING" Name="lab2_timing_summary_postroute_physopted.rpt"/>
  <File Type="POSTROUTE-PHYSOPT-TIMING-PB" Name="lab2_timing_summary_postroute_physopted.pb"/>
  <File Type="POSTROUTE-PHYSOPT-TIMING-RPX" Name="lab2_timing_summary_postroute_physopted.rpx"/>
  <File Type="POSTROUTE-PHYSOPT-BUS-SKEW" Name="lab2_bus_skew_postroute_physopted.rpt"/>
  <File Type="POSTROUTE-PHYSOPT-BUS-SKEW-PB" Name="lab2_bus_skew_postroute_physopted.pb"/>
  <File Type="POSTROUTE-PHYSOPT-BUS-SKEW-RPX" Name="lab2_bus_skew_postroute_physopted.rpx"/>
  <File Type="BG-BIT" Name="lab2.bit"/>
  <File Type="BG-BIN" Name="lab2.bin"/>
  <File Type="BITSTR-MSK" Name="lab2.msk"/>
  <File Type="BITSTR-RBT" Name="lab2.rbt"/>
  <File Type="BITSTR-NKY" Name="lab2.nky"/>
  <File Type="BITSTR-BMM" Name="lab2_bd.bmm"/>
  <File Type="BITSTR-MMI" Name="lab2.mmi"/>
  <File Type="PDI-FILE" Name="lab2.pdi"/>
  <File Type="BOOT-PDI-FILE" Name="lab2_boot.pdi"/>
  <File Type="PL-PDI-FILE" Name="lab2_pld.pdi"/>
  <File Type="RCFI_FILE" Name="lab2.rcfi"/>
  <File Type="CFI_FILE" Name="lab2.cfi"/>
  <File Type="RNPI_FILE" Name="lab2.rnpi"/>
  <File Type="NPI_FILE" Name="lab2.npi"/>
  <File Type="RBD_FILE" Name="lab2.rbd"/>
  <File Type="BITSTR-LTX" Name="debug_nets.ltx"/>
  <File Type="BITSTR-LTX" Name="lab2.ltx"/>
  <File Type="BITSTR-SYSDEF" Name="lab2.sysdef"/>
  <File Type="BG-BGN" Name="lab2.bgn"/>
  <File Type="BG-DRC" Name="lab2.drc"/>
  <File Type="RDI-RDI" Name="lab2.vdi"/>
  <File Type="WBT-USG" Name="usage_statistics_webtalk.html"/>
  <File Type="ROUTE-RQS" Name="lab2_routed.rqs"/>
  <File Type="POSTROUTE-PHYSOPT-RQS" Name="lab2_postroute_physopted.rqs"/>
  <File Type="ROUTE-RQS-RPT" Name="route_report_qor_suggestions_0.rpt"/>
  <File Type="POSTROUTE-PHYSOPT-RQS-RPT" Name="postroute_physopt_report_qor_suggestions_0.rpt"/>
  <FileSet Name="sources" Type="DesignSrcs" RelSrcDir="$PSRCDIR/sources_1" RelGenDir="$PGENDIR/sources_1">
    <Filter Type="Srcs"/>
    <File Path="$PSRCDIR/sources_1/imports/lab2_code_for_cadets/audio_init.v">
      <FileInfo>
        <Attr Name="ImportPath" Val="$PPRDIR/../lab2_code_for_cadets/audio_init.v"/>
        <Attr Name="ImportTime" Val="1739203324"/>
        <Attr Name="UsedIn" Val="synthesis"/>
        <Attr Name="UsedIn" Val="implementation"/>
        <Attr Name="UsedIn" Val="simulation"/>
      </FileInfo>
    </File>
    <File Path="$PSRCDIR/sources_1/imports/lab2_code_for_cadets/Audio_Codec_Wrapper.vhd">
      <FileInfo>
        <Attr Name="ImportPath" Val="$PPRDIR/../lab2_code_for_cadets/Audio_Codec_Wrapper.vhd"/>
        <Attr Name="ImportTime" Val="1739203324"/>
        <Attr Name="UsedIn" Val="synthesis"/>
        <Attr Name="UsedIn" Val="simulation"/>
      </FileInfo>
    </File>
    <File Path="$PSRCDIR/sources_1/new/DinMux.vhd">
      <FileInfo>
        <Attr Name="UsedIn" Val="synthesis"/>
        <Attr Name="UsedIn" Val="simulation"/>
      </FileInfo>
    </File>
    <File Path="$PSRCDIR/sources_1/new/FlagRegister.vhd">
      <FileInfo>
        <Attr Name="UsedIn" Val="synthesis"/>
        <Attr Name="UsedIn" Val="simulation"/>
      </FileInfo>
    </File>
    <File Path="$PSRCDIR/sources_1/imports/lab2_code_for_cadets/TWICtl.vhd">
      <FileInfo>
        <Attr Name="ImportPath" Val="$PPRDIR/../lab2_code_for_cadets/TWICtl.vhd"/>
        <Attr Name="ImportTime" Val="1739203324"/>
        <Attr Name="UsedIn" Val="synthesis"/>
        <Attr Name="UsedIn" Val="simulation"/>
      </FileInfo>
    </File>
    <File Path="$PSRCDIR/sources_1/imports/new/VGA.vhd">
      <FileInfo>
        <Attr Name="ImportPath" Val="$PPRDIR/../../../ece383/Lab2/Lab2.srcs/sources_1/imports/new/VGA.vhd"/>
        <Attr Name="ImportTime" Val="1755290607"/>
        <Attr Name="UsedIn" Val="synthesis"/>
        <Attr Name="UsedIn" Val="simulation"/>
      </FileInfo>
    </File>
    <File Path="$PSRCDIR/sources_1/new/WrAddrMux.vhd">
      <FileInfo>
        <Attr Name="UsedIn" Val="synthesis"/>
        <Attr Name="UsedIn" Val="simulation"/>
      </FileInfo>
    </File>
    <File Path="$PSRCDIR/sources_1/imports/new/counter_baseN.vhd">
      <FileInfo>
        <Attr Name="ImportPath" Val="$PPRDIR/../../../ece383/Lab2/Lab2.srcs/sources_1/imports/new/counter_baseN.vhd"/>
        <Attr Name="ImportTime" Val="1738047941"/>
        <Attr Name="UsedIn" Val="synthesis"/>
        <Attr Name="UsedIn" Val="simulation"/>
      </FileInfo>
    </File>
    <File Path="$PSRCDIR/sources_1/imports/ece383-lab1.srcs/sources_1/imports/lab1_cadet_code/dvid.vhdl">
      <FileInfo>
        <Attr Name="ImportPath" Val="$PPRDIR/../ece383-lab1/ece383-lab1.srcs/sources_1/imports/lab1_cadet_code/dvid.vhdl"/>
        <Attr Name="ImportTime" Val="1737845745"/>
        <Attr Name="UsedIn" Val="synthesis"/>
        <Attr Name="UsedIn" Val="simulation"/>
      </FileInfo>
    </File>
    <File Path="$PSRCDIR/sources_1/imports/lab2_code_for_cadets/i2s_ctl.vhd">
      <FileInfo>
        <Attr Name="ImportPath" Val="$PPRDIR/../lab2_code_for_cadets/i2s_ctl.vhd"/>
        <Attr Name="ImportTime" Val="1739203324"/>
        <Attr Name="UsedIn" Val="synthesis"/>
        <Attr Name="UsedIn" Val="simulation"/>
      </FileInfo>
    </File>
    <File Path="$PSRCDIR/sources_1/imports/lab2_code_for_cadets/lab2_datapath.vhdl">
      <FileInfo>
        <Attr Name="ImportPath" Val="$PPRDIR/../lab2_code_for_cadets/lab2_datapath.vhdl"/>
        <Attr Name="ImportTime" Val="1739203324"/>
        <Attr Name="UsedIn" Val="synthesis"/>
        <Attr Name="UsedIn" Val="simulation"/>
      </FileInfo>
    </File>
    <File Path="$PSRCDIR/sources_1/imports/lab2_code_for_cadets/lab2_fsm.vhdl">
      <FileInfo>
        <Attr Name="ImportPath" Val="$PPRDIR/../lab2_code_for_cadets/lab2_fsm.vhdl"/>
        <Attr Name="ImportTime" Val="1739203324"/>
        <Attr Name="UsedIn" Val="synthesis"/>
        <Attr Name="UsedIn" Val="simulation"/>
      </FileInfo>
    </File>
    <File Path="$PSRCDIR/sources_1/imports/ece383/lec10.vhdl">
      <FileInfo>
        <Attr Name="ImportPath" Val="$PPRDIR/../HW7/HW7.srcs/sources_1/imports/ece383/lec10.vhdl"/>
        <Attr Name="ImportTime" Val="1740022269"/>
        <Attr Name="UsedIn" Val="synthesis"/>
        <Attr Name="UsedIn" Val="simulation"/>
      </FileInfo>
    </File>
    <File Path="$PSRCDIR/sources_1/imports/new/scopeFace.vhd">
      <FileInfo>
        <Attr Name="ImportPath" Val="$PPRDIR/../../../ece383/Lab2/Lab2.srcs/sources_1/imports/new/scopeFace.vhd"/>
        <Attr Name="ImportTime" Val="1739588016"/>
        <Attr Name="UsedIn" Val="synthesis"/>
        <Attr Name="UsedIn" Val="simulation"/>
      </FileInfo>
    </File>
    <File Path="$PSRCDIR/sources_1/imports/new/synch_blank.vhd">
      <FileInfo>
        <Attr Name="ImportPath" Val="$PPRDIR/../../../ece383/Lab2/Lab2.srcs/sources_1/imports/new/synch_blank.vhd"/>
        <Attr Name="ImportTime" Val="1738047917"/>
        <Attr Name="UsedIn" Val="synthesis"/>
        <Attr Name="UsedIn" Val="simulation"/>
      </FileInfo>
    </File>
    <File Path="$PSRCDIR/sources_1/imports/ece383-lab1.srcs/sources_1/imports/lab1_cadet_code/tdms.vhdl">
      <FileInfo>
        <Attr Name="ImportPath" Val="$PPRDIR/../ece383-lab1/ece383-lab1.srcs/sources_1/imports/lab1_cadet_code/tdms.vhdl"/>
        <Attr Name="ImportTime" Val="1737845745"/>
        <Attr Name="UsedIn" Val="synthesis"/>
        <Attr Name="UsedIn" Val="simulation"/>
      </FileInfo>
    </File>
    <File Path="$PSRCDIR/sources_1/imports/Lab01_cadet_code/video.vhdl">
      <FileInfo>
        <Attr Name="ImportPath" Val="$PPRDIR/../../../ece383/Lab2/Lab2.srcs/sources_1/imports/Lab01_cadet_code/video.vhdl"/>
        <Attr Name="ImportTime" Val="1755290632"/>
        <Attr Name="UsedIn" Val="synthesis"/>
        <Attr Name="UsedIn" Val="simulation"/>
      </FileInfo>
    </File>
    <File Path="$PSRCDIR/sources_1/new/wrEnbMux.vhd">
      <FileInfo>
        <Attr Name="UsedIn" Val="synthesis"/>
        <Attr Name="UsedIn" Val="simulation"/>
      </FileInfo>
    </File>
    <File Path="$PSRCDIR/sources_1/imports/lab2_code_for_cadets/lab2.vhd">
      <FileInfo>
        <Attr Name="ImportPath" Val="$PPRDIR/../lab2_code_for_cadets/lab2.vhd"/>
        <Attr Name="ImportTime" Val="1739203324"/>
        <Attr Name="UsedIn" Val="synthesis"/>
        <Attr Name="UsedIn" Val="simulation"/>
      </FileInfo>
    </File>
    <File Path="$PSRCDIR/sources_1/imports/ece383-lab1.srcs/sim_1/imports/lab1_cadet_code/vga_tb.vhdl">
      <FileInfo>
        <Attr Name="AutoDisabled" Val="1"/>
        <Attr Name="ImportPath" Val="$PPRDIR/../ece383-lab1/ece383-lab1.srcs/sim_1/imports/lab1_cadet_code/vga_tb.vhdl"/>
        <Attr Name="ImportTime" Val="1737845746"/>
        <Attr Name="UsedIn" Val="synthesis"/>
        <Attr Name="UsedIn" Val="simulation"/>
      </FileInfo>
    </File>
    <Config>
      <Option Name="DesignMode" Val="RTL"/>
      <Option Name="TopModule" Val="lab2"/>
    </Config>
  </FileSet>
  <FileSet Name="constrs_in" Type="Constrs" RelSrcDir="$PSRCDIR/constrs_1" RelGenDir="$PGENDIR/constrs_1">
    <Filter Type="Constrs"/>
    <File Path="$PSRCDIR/constrs_1/imports/lab2_code_for_cadets/Lab2.xdc">
      <FileInfo>
        <Attr Name="ImportPath" Val="$PPRDIR/../lab2_code_for_cadets/Lab2.xdc"/>
        <Attr Name="ImportTime" Val="1739203324"/>
        <Attr Name="UsedIn" Val="synthesis"/>
        <Attr Name="UsedIn" Val="implementation"/>
      </FileInfo>
    </File>
    <Config>
      <Option Name="ConstrsType" Val="XDC"/>
    </Config>
  </FileSet>
  <FileSet Name="utils" Type="Utils" RelSrcDir="$PSRCDIR/utils_1" RelGenDir="$PGENDIR/utils_1">
    <Filter Type="Utils"/>
    <File Path="$PSRCDIR/utils_1/imports/synth_1/lab2.dcp">
      <FileInfo>
        <Attr Name="UsedIn" Val="synthesis"/>
        <Attr Name="UsedIn" Val="implementation"/>
        <Attr Name="UsedInSteps" Val="synth_1"/>
        <Attr Name="UsedInSteps" Val="synth_1_copy_1"/>
        <Attr Name="AutoDcp" Val="1"/>
      </FileInfo>
    </File>
    <Config>
      <Option Name="TopAutoSet" Val="TRUE"/>
    </Config>
  </FileSet>
  <Strategy Version="1" Minor="2">
    <StratHandle Name="Vivado Implementation Defaults" Flow="Vivado Implementation 2024"/>
    <Step Id="init_design"/>
    <Step Id="opt_design"/>
    <Step Id="power_opt_design"/>
    <Step Id="place_design"/>
    <Step Id="post_place_power_opt_design"/>
    <Step Id="phys_opt_design"/>
    <Step Id="route_design"/>
    <Step Id="post_route_phys_opt_design"/>
    <Step Id="write_bitstream"/>
  </Strategy>
  <BlockFileSet Type="BlockSrcs" Name="clk_wiz_1"/>
  <BlockFileSet Type="BlockSrcs" Name="clk_wiz_0"/>
</GenRun>
