<?xml version="1.0" encoding="UTF-8"?>
<GenRun Id="synth_1" LaunchPart="xc7a200tsbg484-1" LaunchTime="1755295325" LaunchIncrCheckpoint="$PSRCDIR/utils_1/imports/synth_1/lab2.dcp">
  <File Type="PA-TCL" Name="lab2.tcl"/>
  <File Type="REPORTS-TCL" Name="lab2_reports.tcl"/>
  <File Type="RDS-RDS" Name="lab2.vds"/>
  <File Type="RDS-PROPCONSTRS" Name="lab2_drc_synth.rpt"/>
  <File Type="RDS-UTIL" Name="lab2_utilization_synth.rpt"/>
  <File Type="RDS-UTIL-PB" Name="lab2_utilization_synth.pb"/>
  <File Type="RDS-DCP" Name="lab2.dcp"/>
  <File Type="VDS-TIMINGSUMMARY" Name="lab2_timing_summary_synth.rpt"/>
  <File Type="VDS-TIMING-PB" Name="lab2_timing_summary_synth.pb"/>
  <FileSet Name="sources" Type="DesignSrcs" RelSrcDir="$PSRCDIR/sources_1" RelGenDir="$PGENDIR/sources_1">
    <Filter Type="Srcs"/>
    <File Path="$PSRCDIR/sources_1/imports/lab2_code_for_cadets/audio_init.v">
      <FileInfo>
        <Attr Name="ImportPath" Val="$PPRDIR/../lab2_code_for_cadets/audio_init.v"/>
        <Attr Name="ImportTime" Val="1739203324"/>
        <Attr Name="UsedIn" Val="synthesis"/>
        <Attr Name="UsedIn" Val="implementation"/>
        <Attr Name="UsedIn" Val="simulation"/>
      </FileInfo>
    </File>
    <File Path="$PSRCDIR/sources_1/imports/lab2_code_for_cadets/Audio_Codec_Wrapper.vhd">
      <FileInfo>
        <Attr Name="ImportPath" Val="$PPRDIR/../lab2_code_for_cadets/Audio_Codec_Wrapper.vhd"/>
        <Attr Name="ImportTime" Val="1739203324"/>
        <Attr Name="UsedIn" Val="synthesis"/>
        <Attr Name="UsedIn" Val="simulation"/>
      </FileInfo>
    </File>
    <File Path="$PSRCDIR/sources_1/new/DinMux.vhd">
      <FileInfo>
        <Attr Name="UsedIn" Val="synthesis"/>
        <Attr Name="UsedIn" Val="simulation"/>
      </FileInfo>
    </File>
    <File Path="$PSRCDIR/sources_1/new/FlagRegister.vhd">
      <FileInfo>
        <Attr Name="UsedIn" Val="synthesis"/>
        <Attr Name="UsedIn" Val="simulation"/>
      </FileInfo>
    </File>
    <File Path="$PSRCDIR/sources_1/imports/lab2_code_for_cadets/TWICtl.vhd">
      <FileInfo>
        <Attr Name="ImportPath" Val="$PPRDIR/../lab2_code_for_cadets/TWICtl.vhd"/>
        <Attr Name="ImportTime" Val="1739203324"/>
        <Attr Name="UsedIn" Val="synthesis"/>
        <Attr Name="UsedIn" Val="simulation"/>
      </FileInfo>
    </File>
    <File Path="$PSRCDIR/sources_1/imports/new/VGA.vhd">
      <FileInfo>
        <Attr Name="ImportPath" Val="$PPRDIR/../../../ece383/Lab2/Lab2.srcs/sources_1/imports/new/VGA.vhd"/>
        <Attr Name="ImportTime" Val="1755290607"/>
        <Attr Name="UsedIn" Val="synthesis"/>
        <Attr Name="UsedIn" Val="simulation"/>
      </FileInfo>
    </File>
    <File Path="$PSRCDIR/sources_1/new/WrAddrMux.vhd">
      <FileInfo>
        <Attr Name="UsedIn" Val="synthesis"/>
        <Attr Name="UsedIn" Val="simulation"/>
      </FileInfo>
    </File>
    <File Path="$PSRCDIR/sources_1/imports/new/counter_baseN.vhd">
      <FileInfo>
        <Attr Name="ImportPath" Val="$PPRDIR/../../../ece383/Lab2/Lab2.srcs/sources_1/imports/new/counter_baseN.vhd"/>
        <Attr Name="ImportTime" Val="1738047941"/>
        <Attr Name="UsedIn" Val="synthesis"/>
        <Attr Name="UsedIn" Val="simulation"/>
      </FileInfo>
    </File>
    <File Path="$PSRCDIR/sources_1/imports/ece383-lab1.srcs/sources_1/imports/lab1_cadet_code/dvid.vhdl">
      <FileInfo>
        <Attr Name="ImportPath" Val="$PPRDIR/../ece383-lab1/ece383-lab1.srcs/sources_1/imports/lab1_cadet_code/dvid.vhdl"/>
        <Attr Name="ImportTime" Val="1737845745"/>
        <Attr Name="UsedIn" Val="synthesis"/>
        <Attr Name="UsedIn" Val="simulation"/>
      </FileInfo>
    </File>
    <File Path="$PSRCDIR/sources_1/imports/lab2_code_for_cadets/i2s_ctl.vhd">
      <FileInfo>
        <Attr Name="ImportPath" Val="$PPRDIR/../lab2_code_for_cadets/i2s_ctl.vhd"/>
        <Attr Name="ImportTime" Val="1739203324"/>
        <Attr Name="UsedIn" Val="synthesis"/>
        <Attr Name="UsedIn" Val="simulation"/>
      </FileInfo>
    </File>
    <File Path="$PSRCDIR/sources_1/imports/lab2_code_for_cadets/lab2_datapath.vhdl">
      <FileInfo>
        <Attr Name="ImportPath" Val="$PPRDIR/../lab2_code_for_cadets/lab2_datapath.vhdl"/>
        <Attr Name="ImportTime" Val="1739203324"/>
        <Attr Name="UsedIn" Val="synthesis"/>
        <Attr Name="UsedIn" Val="simulation"/>
      </FileInfo>
    </File>
    <File Path="$PSRCDIR/sources_1/imports/lab2_code_for_cadets/lab2_fsm.vhdl">
      <FileInfo>
        <Attr Name="ImportPath" Val="$PPRDIR/../lab2_code_for_cadets/lab2_fsm.vhdl"/>
        <Attr Name="ImportTime" Val="1739203324"/>
        <Attr Name="UsedIn" Val="synthesis"/>
        <Attr Name="UsedIn" Val="simulation"/>
      </FileInfo>
    </File>
    <File Path="$PSRCDIR/sources_1/imports/ece383/lec10.vhdl">
      <FileInfo>
        <Attr Name="ImportPath" Val="$PPRDIR/../HW7/HW7.srcs/sources_1/imports/ece383/lec10.vhdl"/>
        <Attr Name="ImportTime" Val="1740022269"/>
        <Attr Name="UsedIn" Val="synthesis"/>
        <Attr Name="UsedIn" Val="simulation"/>
      </FileInfo>
    </File>
    <File Path="$PSRCDIR/sources_1/imports/new/scopeFace.vhd">
      <FileInfo>
        <Attr Name="ImportPath" Val="$PPRDIR/../../../ece383/Lab2/Lab2.srcs/sources_1/imports/new/scopeFace.vhd"/>
        <Attr Name="ImportTime" Val="1739588016"/>
        <Attr Name="UsedIn" Val="synthesis"/>
        <Attr Name="UsedIn" Val="simulation"/>
      </FileInfo>
    </File>
    <File Path="$PSRCDIR/sources_1/imports/new/synch_blank.vhd">
      <FileInfo>
        <Attr Name="ImportPath" Val="$PPRDIR/../../../ece383/Lab2/Lab2.srcs/sources_1/imports/new/synch_blank.vhd"/>
        <Attr Name="ImportTime" Val="1738047917"/>
        <Attr Name="UsedIn" Val="synthesis"/>
        <Attr Name="UsedIn" Val="simulation"/>
      </FileInfo>
    </File>
    <File Path="$PSRCDIR/sources_1/imports/ece383-lab1.srcs/sources_1/imports/lab1_cadet_code/tdms.vhdl">
      <FileInfo>
        <Attr Name="ImportPath" Val="$PPRDIR/../ece383-lab1/ece383-lab1.srcs/sources_1/imports/lab1_cadet_code/tdms.vhdl"/>
        <Attr Name="ImportTime" Val="1737845745"/>
        <Attr Name="UsedIn" Val="synthesis"/>
        <Attr Name="UsedIn" Val="simulation"/>
      </FileInfo>
    </File>
    <File Path="$PSRCDIR/sources_1/imports/Lab01_cadet_code/video.vhdl">
      <FileInfo>
        <Attr Name="ImportPath" Val="$PPRDIR/../../../ece383/Lab2/Lab2.srcs/sources_1/imports/Lab01_cadet_code/video.vhdl"/>
        <Attr Name="ImportTime" Val="1755290632"/>
        <Attr Name="UsedIn" Val="synthesis"/>
        <Attr Name="UsedIn" Val="simulation"/>
      </FileInfo>
    </File>
    <File Path="$PSRCDIR/sources_1/new/wrEnbMux.vhd">
      <FileInfo>
        <Attr Name="UsedIn" Val="synthesis"/>
        <Attr Name="UsedIn" Val="simulation"/>
      </FileInfo>
    </File>
    <File Path="$PSRCDIR/sources_1/imports/lab2_code_for_cadets/lab2.vhd">
      <FileInfo>
        <Attr Name="ImportPath" Val="$PPRDIR/../lab2_code_for_cadets/lab2.vhd"/>
        <Attr Name="ImportTime" Val="1739203324"/>
        <Attr Name="UsedIn" Val="synthesis"/>
        <Attr Name="UsedIn" Val="simulation"/>
      </FileInfo>
    </File>
    <File Path="$PSRCDIR/sources_1/imports/ece383-lab1.srcs/sim_1/imports/lab1_cadet_code/vga_tb.vhdl">
      <FileInfo>
        <Attr Name="AutoDisabled" Val="1"/>
        <Attr Name="ImportPath" Val="$PPRDIR/../ece383-lab1/ece383-lab1.srcs/sim_1/imports/lab1_cadet_code/vga_tb.vhdl"/>
        <Attr Name="ImportTime" Val="1737845746"/>
        <Attr Name="UsedIn" Val="synthesis"/>
        <Attr Name="UsedIn" Val="simulation"/>
      </FileInfo>
    </File>
    <Config>
      <Option Name="DesignMode" Val="RTL"/>
      <Option Name="TopModule" Val="lab2"/>
    </Config>
  </FileSet>
  <FileSet Name="constrs_in" Type="Constrs" RelSrcDir="$PSRCDIR/constrs_1" RelGenDir="$PGENDIR/constrs_1">
    <Filter Type="Constrs"/>
    <File Path="$PSRCDIR/constrs_1/imports/lab2_code_for_cadets/Lab2.xdc">
      <FileInfo>
        <Attr Name="ImportPath" Val="$PPRDIR/../lab2_code_for_cadets/Lab2.xdc"/>
        <Attr Name="ImportTime" Val="1739203324"/>
        <Attr Name="UsedIn" Val="synthesis"/>
        <Attr Name="UsedIn" Val="implementation"/>
      </FileInfo>
    </File>
    <Config>
      <Option Name="ConstrsType" Val="XDC"/>
    </Config>
  </FileSet>
  <FileSet Name="utils" Type="Utils" RelSrcDir="$PSRCDIR/utils_1" RelGenDir="$PGENDIR/utils_1">
    <Filter Type="Utils"/>
    <File Path="$PSRCDIR/utils_1/imports/synth_1/lab2.dcp">
      <FileInfo>
        <Attr Name="UsedIn" Val="synthesis"/>
        <Attr Name="UsedIn" Val="implementation"/>
        <Attr Name="UsedInSteps" Val="synth_1"/>
        <Attr Name="UsedInSteps" Val="synth_1_copy_1"/>
        <Attr Name="AutoDcp" Val="1"/>
      </FileInfo>
    </File>
    <Config>
      <Option Name="TopAutoSet" Val="TRUE"/>
    </Config>
  </FileSet>
  <Strategy Version="1" Minor="2">
    <StratHandle Name="Vivado Synthesis Defaults" Flow="Vivado Synthesis 2024"/>
    <Step Id="synth_design"/>
  </Strategy>
  <BlockFileSet Type="BlockSrcs" Name="clk_wiz_1"/>
  <BlockFileSet Type="BlockSrcs" Name="clk_wiz_0"/>
</GenRun>
