<?xml version="1.0" encoding="UTF-8"?>
<GenRun Id="clk_wiz_1_synth_1" LaunchPart="xc7a200tsbg484-1" LaunchTime="1741136829">
  <File Type="REPORTS-TCL" Name="clk_wiz_1_reports.tcl"/>
  <File Type="RDS-UTIL" Name="clk_wiz_1_utilization_synth.rpt"/>
  <File Type="RDS-UTIL-PB" Name="clk_wiz_1_utilization_synth.pb"/>
  <File Type="PA-TCL" Name="clk_wiz_1.tcl"/>
  <File Type="RDS-RDS" Name="clk_wiz_1.vds"/>
  <File Type="RDS-DCP" Name="clk_wiz_1.dcp"/>
  <FileSet Name="sources" Type="BlockSrcs" RelSrcDir="$PSRCDIR/clk_wiz_1" RelGenDir="$PGENDIR/clk_wiz_1">
    <File Path="$PSRCDIR/sources_1/ip/clk_wiz_1_2/clk_wiz_1.xci">
      <FileInfo>
        <Attr Name="UsedIn" Val="synthesis"/>
        <Attr Name="UsedIn" Val="implementation"/>
        <Attr Name="UsedIn" Val="simulation"/>
      </FileInfo>
    </File>
    <Config>
      <Option Name="TopModule" Val="clk_wiz_1"/>
      <Option Name="UseBlackboxStub" Val="1"/>
    </Config>
  </FileSet>
  <FileSet Name="constrs_in" Type="BlockSrcs" RelSrcDir="$PSRCDIR/clk_wiz_1" RelGenDir="$PGENDIR/clk_wiz_1">
    <File Path="$PSRCDIR/sources_1/ip/clk_wiz_1_2/clk_wiz_1.xci">
      <FileInfo>
        <Attr Name="UsedIn" Val="synthesis"/>
        <Attr Name="UsedIn" Val="implementation"/>
        <Attr Name="UsedIn" Val="simulation"/>
      </FileInfo>
    </File>
    <Config>
      <Option Name="TopModule" Val="clk_wiz_1"/>
      <Option Name="UseBlackboxStub" Val="1"/>
    </Config>
  </FileSet>
  <FileSet Name="utils" Type="Utils" RelSrcDir="$PSRCDIR/utils_1" RelGenDir="$PGENDIR/utils_1">
    <Filter Type="Utils"/>
    <File Path="$PSRCDIR/utils_1/imports/synth_1/lab2.dcp">
      <FileInfo>
        <Attr Name="UsedIn" Val="synthesis"/>
        <Attr Name="UsedIn" Val="implementation"/>
        <Attr Name="UsedInSteps" Val="synth_1"/>
        <Attr Name="UsedInSteps" Val="synth_1_copy_1"/>
        <Attr Name="AutoDcp" Val="1"/>
      </FileInfo>
    </File>
    <Config>
      <Option Name="TopAutoSet" Val="TRUE"/>
    </Config>
  </FileSet>
  <Strategy Version="1" Minor="2">
    <StratHandle Name="Vivado Synthesis Defaults" Flow="Vivado Synthesis 2024"/>
    <Step Id="synth_design"/>
  </Strategy>
</GenRun>
